,Model_Name,F1_score,Accuracy_score,True_Positive,False_Positive,True_Negative,False_Negative
0,ExtraTreesClassifier,0.88202372957242,0.8872244810614166,4352,354,700,3940
1,RandomForestClassifier,0.8473720449850813,0.8576931307511235,4324,382,948,3692
2,KNeighborsClassifier,0.769512567416302,0.7576503316927028,3300,1406,859,3781
3,BernoulliNB,0.6937539432176657,0.7403167130323133,4170,536,1891,2749
4,LogisticRegression,0.6658344536201268,0.6276481917397817,2399,2307,1173,3467
